{"dynamic_acc":0.0706601562500001,"plate_acc":-0.0033,"k":-0.0100977752685547,"att":2.48449707031251,"dynamic_weights":[-0.02394409179687483,-0.0011444091796874926,-0.0008978843688964842,0.005027008056640617,-0.0003619194030761712,0.009967041015625028,0.0001271247863769532,0.000011885166168212896],"min_vel":2.7792365294498094,"end_t":0.3,"end_d":1.0,"dynamic_rect":[903,235,120,50],"dynamic_points":[0.0,1.5707963267948966,3.141592653589793,4.71238898038469],"plate_points":[0.0,1.5707963267948966,3.141592653589793,4.71238898038469],"dynamic_color":[0.9,0.9,0.9],"dynamic_threshold":0.2,"plate_color":[0.2,0.45,0.2],"plate_threshold":0.2,"dynamic_pattern":[[0.0,-270.0],[270.0,0.0],[0.0,270.0],[-270.0,0.0]],"plate_pattern":[[0.0,-150.0],[150.0,0.0],[0.0,150.0],[-150.0,0.0]],"plate_rects":[[[1031,442,80,80],0.0],[[1505,502,80,80],1.5707963267948966]],"board_width":1270.0,"autopilot_rect":[1511,196,89,65],"autopilot_stby_col":[201,181,172],"autopilot_trigger_col":[48,32,1],"autopilot_sensitivity":0.2,"solve_vel":20.0,"bet_vel":14.0,"result_rect":[836,817,31,28]}