{
  "dynamic_acc": 0.022411865234374842,
  "plate_acc": -0.003,
  "k": -0.010013909149169949,
  "att": 2.618188476562535,
  "dynamic_weights": [
    -0.006070327758788929,
    0.002148056030273452,
    -0.00045173168182372923,
    0.005371856689453105,
    -0.0028522253036499055,
    0.0031627655029297192,
    0.00038943290710449324,
    0.000222206115722657
  ],
  "min_vel": 2.7121527103538936,
  "end_t": 0.6,
  "end_d": 0.1,
  "dynamic_rect": [
    797, 242, 343, 50
  ],
  "dynamic_points": [
    0.0,
    1.5707963267948966,
    3.141592653589793,
    4.71238898038469
  ],
  "plate_points": [
    0.0,
    1.5707963267948966,
    3.141592653589793,
    4.71238898038469
  ],
  "dynamic_color": [
    0.9,
    0.9,
    0.9
  ],
  "dynamic_threshold": 0.2,
  "plate_color": [
    0.2,
    0.45,
    0.2
  ],
  "plate_threshold": 0.2,
  "dynamic_pattern": [
    [
      0.0,
      -270.0
    ],
    [
      270.0,
      0.0
    ],
    [
      0.0,
      270.0
    ],
    [
      -270.0,
      0.0
    ]
  ],
  "plate_pattern": [
    [
      0.0,
      -150.0
    ],
    [
      150.0,
      0.0
    ],
    [
      0.0,
      150.0
    ],
    [
      -150.0,
      0.0
    ]
  ],
  "plate_rects": [
    [
      [
        1031,
        442,
        80,
        80
      ],
      0.0
    ],
    [
      [
        1505,
        502,
        80,
        80
      ],
      1.5707963267948966
    ]
  ],
  "board_width": 1270.0,
  "autopilot_rect": [
    1500,
    195,
    50,
    50
  ],
  "autopilot_stby_col": [
    201,
    181,
    172
  ],
  "autopilot_trigger_col": [
    48,
    32,
    1
  ],
  "autopilot_sensitivity": 0.2,
  "solve_vel": 20.0,
  "bet_vel": 14.0,
  "result_rect": [
    836,
    817,
    31,
    28
  ],
  "heartbeat_coords": [
    1100,
    960
  ],
  "undo_coords": [
    1220,
    1015
  ]
}