{"dynamic_acc":-0.008,"plate_acc":-0.00326,"k":-0.013,"att":2.5,"min_vel":2.9,"end_t":1.0,"end_d":1.0,"dynamic_points":[0.0,1.5707963267948966,3.141592653589793,4.71238898038469],"plate_points":[0.0,1.5707963267948966,3.141592653589793,4.71238898038469],"dynamic_color":[0.694, 0.694, 0.776],"dynamic_threshold":0.4,"plate_color":[0.4196, 0.709, 0.4196],"plate_threshold":0.1}