{"dynamic_acc":-0.008,"plate_acc":-0.00326,"k":-0.013,"att":2.5,"dynamic_weights":[0.0,0.0,0.0,0.0,0.0,0.0,0.0,0.0],"min_vel":2.83,"end_t":2.5,"end_d":1.0,"dynamic_rect":[933,235,90,50],"dynamic_points":[0.0,1.5707963267948966,3.141592653589793,4.71238898038469],"plate_points":[0.0,1.5707963267948966,3.141592653589793,4.71238898038469],"dynamic_color":[0.9,0.9,0.9],"dynamic_threshold":0.2,"plate_color":[0.2,0.45,0.2],"plate_threshold":0.2,"dynamic_pattern":[[0.0,-270.0],[270.0,0.0],[0.0,270.0],[-270.0,0.0]],"plate_pattern":[[0.0,-150.0],[150.0,0.0],[0.0,150.0],[-150.0,0.0]]}