{"dynamic_acc":0.08062109374999993,"plate_acc":-0.00396,"k":-0.010051388549804679,"att":2.598559570312511,"dynamic_weights":[-0.025915527343749876,-0.0011688232421874925,-0.0008994102478027341,0.00536880493164062,-0.0005011558532714834,0.00985717773437502,5.0544738769531214e-6,0.000029754638671875016],"min_vel":2.6285634088933483,"end_t":2.5,"end_d":1.0,"dynamic_rect":[903,235,120,50],"dynamic_points":[0.0,1.5707963267948966,3.141592653589793,4.71238898038469],"plate_points":[0.0,1.5707963267948966,3.141592653589793,4.71238898038469],"dynamic_color":[0.9,0.9,0.9],"dynamic_threshold":0.2,"plate_color":[0.2,0.45,0.2],"plate_threshold":0.2,"dynamic_pattern":[[0.0,-270.0],[270.0,0.0],[0.0,270.0],[-270.0,0.0]],"plate_pattern":[[0.0,-150.0],[150.0,0.0],[0.0,150.0],[-150.0,0.0]],"board_rect_a":[1031,442,50,50],"board_rect_b":[1565,512,50,50],"board_a_point":0.0,"board_b_point":1.5707963267948966,"board_width":1270.0,"autopilot_rect":[1511,196,89,65],"autopilot_stby_col":[201,181,172],"autopilot_trigger_col":[48,32,1],"autopilot_sensitivity":0.2,"solve_vel":20.0,"bet_vel":14.0,"result_rect":[836,817,31,28]}