{
  "dynamic_acc": 0.08735327148437491,
  "plate_acc": -0.0033,
  "k": -0.010063576507568372,
  "att": 2.738110351562536,
  "dynamic_weights": [
    -0.018597793579101417,
    0.0008953094482422009,
    -0.0006600141525268544,
    0.006607055664062489,
    -0.00289947986602783,
    0.0054557800292969055,
    -0.00006222724914550638,
    0.00013833045959472714
  ],
  "min_vel": 2.707120435552968,
  "end_t": 0.9,
  "end_d": 2.0,
  "dynamic_rect": [
    903,
    235,
    120,
    50
  ],
  "dynamic_points": [
    0.0,
    1.5707963267948966,
    3.141592653589793,
    4.71238898038469
  ],
  "plate_points": [
    0.0,
    1.5707963267948966,
    3.141592653589793,
    4.71238898038469
  ],
  "dynamic_color": [
    0.9,
    0.9,
    0.9
  ],
  "dynamic_threshold": 0.2,
  "plate_color": [
    0.2,
    0.45,
    0.2
  ],
  "plate_threshold": 0.2,
  "dynamic_pattern": [
    [
      0.0,
      -270.0
    ],
    [
      270.0,
      0.0
    ],
    [
      0.0,
      270.0
    ],
    [
      -270.0,
      0.0
    ]
  ],
  "plate_pattern": [
    [
      0.0,
      -150.0
    ],
    [
      150.0,
      0.0
    ],
    [
      0.0,
      150.0
    ],
    [
      -150.0,
      0.0
    ]
  ],
  "plate_rects": [
    [
      [
        1031,
        442,
        80,
        80
      ],
      0.0
    ],
    [
      [
        1505,
        502,
        80,
        80
      ],
      1.5707963267948966
    ]
  ],
  "board_width": 1270.0,
  "autopilot_rect": [
    1500,
    195,
    50,
    50
  ],
  "autopilot_stby_col": [
    201,
    181,
    172
  ],
  "autopilot_trigger_col": [
    48,
    32,
    1
  ],
  "autopilot_sensitivity": 0.2,
  "solve_vel": 20.0,
  "bet_vel": 14.0,
  "result_rect": [
    836,
    817,
    31,
    28
  ],
  "heartbeat_coords": [
    1100,
    960
  ],
  "undo_coords": [
    1220,
    1015
  ]
}