{
  "dynamic_acc": -0.181885009765625,
  "plate_acc": -0.0033,
  "k": -0.009969086456298836,
  "att": 2.6163208007812555,
  "dynamic_weights": [
    0.0359066009521486,
    0.0034938812255859517,
    -0.00014541149139404234,
    0.0015991210937499939,
    -0.001596760749816893,
    -0.002161407470703088,
    0.0015253543853759781,
    0.00021533966064453175
  ],
  "min_vel": 2.582136971828979,
  "end_t": 0.6,
  "end_d": 5.0,
  "dynamic_rect": [
    903,
    235,
    120,
    50
  ],
  "dynamic_points": [
    0.0,
    1.5707963267948966,
    3.141592653589793,
    4.71238898038469
  ],
  "plate_points": [
    0.0,
    1.5707963267948966,
    3.141592653589793,
    4.71238898038469
  ],
  "dynamic_color": [
    0.9,
    0.9,
    0.9
  ],
  "dynamic_threshold": 0.2,
  "plate_color": [
    0.2,
    0.45,
    0.2
  ],
  "plate_threshold": 0.2,
  "dynamic_pattern": [
    [
      0.0,
      -270.0
    ],
    [
      270.0,
      0.0
    ],
    [
      0.0,
      270.0
    ],
    [
      -270.0,
      0.0
    ]
  ],
  "plate_pattern": [
    [
      0.0,
      -150.0
    ],
    [
      150.0,
      0.0
    ],
    [
      0.0,
      150.0
    ],
    [
      -150.0,
      0.0
    ]
  ],
  "plate_rects": [
    [
      [
        1031,
        442,
        80,
        80
      ],
      0.0
    ],
    [
      [
        1505,
        502,
        80,
        80
      ],
      1.5707963267948966
    ]
  ],
  "board_width": 1270.0,
  "autopilot_rect": [
    1511,
    196,
    89,
    65
  ],
  "autopilot_stby_col": [
    201,
    181,
    172
  ],
  "autopilot_trigger_col": [
    48,
    32,
    1
  ],
  "autopilot_sensitivity": 0.2,
  "solve_vel": 20.0,
  "bet_vel": 14.0,
  "result_rect": [
    836,
    817,
    31,
    28
  ],
  "heartbeat_coords": [1100, 960],
  "undo_coords": [1220, 1015]
}