{"dynamic_acc":-0.006,"plate_acc":-0.00326,"k":-0.0073,"att":2.5,"dynamic_weights":[0.0,0.0,0.0,0.0,0.0,0.0,0.0,0.0],"min_vel":2.65,"end_t":2.5,"end_d":1.0,"dynamic_rect":[933,235,90,50],"dynamic_points":[0.0,1.5707963267948966,3.141592653589793,4.71238898038469],"plate_points":[0.0,1.5707963267948966,3.141592653589793,4.71238898038469],"dynamic_color":[0.9,0.9,0.9],"dynamic_threshold":0.2,"plate_color":[0.2,0.45,0.2],"plate_threshold":0.2,"dynamic_pattern":[[0.0,-270.0],[270.0,0.0],[0.0,270.0],[-270.0,0.0]],"plate_pattern":[[0.0,-150.0],[150.0,0.0],[0.0,150.0],[-150.0,0.0]],"board_rect_a":[1031,442,85,23],"board_rect_b":[1543,432,140,97],"board_a_point":0.0,"board_b_point":1.5707963267948966,"board_width":600.0,"autopilot_rect":[1511,196,89,65],"autopilot_stby_col":[232,200,139],"autopilot_trigger_col":[48,32,1],"autopilot_sensitivity":0.1}