{
  "dynamic_acc": -0.006,
  "plate_acc": -0.00321,
  "k": -0.0073,
  "att": 2.5,
  "dynamic_weights": [
    -0.14191429165750552,
    -0.022630863258615193,
    0.8132336094975379,
    -0.010149678768357285,
    0.41897401194437256,
    0.013894009590149026,
    0.0007739543914794932,
    0.0001279830932617193
  ],
  "min_vel": 2.865527103538936,
  "end_t": 0.6,
  "end_d": 1.3,
  "dynamic_rect": [
    903,
    235,
    120,
    50
  ],
  "dynamic_rect_pos": -389.0,
  "dynamic_points": [
    0.0,
    1.5707963267948966,
    3.141592653589793,
    4.71238898038469
  ],
  "plate_points": [
    0.0,
    1.5707963267948966,
    3.141592653589793,
    4.71238898038469
  ],
  "dynamic_color": [
    0.9,
    0.9,
    0.9
  ],
  "dynamic_threshold": 0.2,
  "plate_color": [
    0.2,
    0.45,
    0.2
  ],
  "plate_threshold": 0.2,
  "dynamic_pattern": [
    [
      0.0,
      -270.0
    ],
    [
      270.0,
      0.0
    ],
    [
      0.0,
      270.0
    ],
    [
      -270.0,
      0.0
    ]
  ],
  "plate_pattern": [
    [
      0.0,
      -150.0
    ],
    [
      150.0,
      0.0
    ],
    [
      0.0,
      150.0
    ],
    [
      -150.0,
      0.0
    ]
  ],
  "plate_rects": [
    [
      [
        1031,
        442,
        80,
        80
      ],
      0.0
    ],
    [
      [
        1480,
        480,
        80,
        80
      ],
      1.5707963267948966
    ]
  ],
  "board_rad": 657.0,
  "autopilot_rect": [
    1386,
    167,
    13,
    10
  ],
  "autopilot_stby_col": [
    201,
    181,
    172
  ],
  "autopilot_trigger_col": [
    48,
    32,
    1
  ],
  "autopilot_sensitivity": 0.2,
  "solve_vel": 20.0,
  "bet_vel": 14.0,
  "result_rect": [
    836,
    817,
    31,
    28
  ],
  "heartbeat_coords": [
    1100,
    960
  ],
  "undo_coords": [
    1220,
    1015
  ],
  "weights": [
    [
      [
        144,
        1.0
      ],
      [
        136,
        0.9999999225932577
      ],
      [
        115,
        0.997446306479056
      ],
      [
        88,
        0.9969275066137518
      ],
      [
        119,
        0.99482277020765
      ],
      [
        85,
        0.993170937389135
      ],
      [
        141,
        0.9915124431658088
      ],
      [
        121,
        0.989559195102008
      ],
      [
        132,
        0.9881664867569374
      ],
      [
        123,
        0.984732601501778
      ]
    ],
    [
      [
        136,
        1.0
      ],
      [
        144,
        1.0
      ],
      [
        117,
        0.9935948457170786
      ],
      [
        142,
        0.9855341194839985
      ],
      [
        115,
        0.9853742334947228
      ],
      [
        141,
        0.983879251822214
      ],
      [
        119,
        0.9821708927131606
      ],
      [
        118,
        0.9817007379470725
      ],
      [
        88,
        0.9816904625521437
      ],
      [
        123,
        0.9806072721345317
      ]
    ]
  ]
}