{
  "dynamic_acc": -0.006,
  "plate_acc": -0.00321,
  "k": -0.0073,
  "att": 2.5,
  "dynamic_weights": [
    -0.14191429165750552,
    -0.022630863258615193,
    0.8132336094975379,
    -0.010149678768357285,
    0.41897401194437256,
    0.013894009590149026,
    0.0007739543914794932,
    0.0001279830932617193
  ],
  "min_vel": 2.865527103538936,
  "end_t": 0.6,
  "end_d": 1.3,
  "dynamic_rect": [
    903,
    235,
    120,
    50
  ],
  "dynamic_rect_pos": -389.0,
  "dynamic_points": [
    0.0,
    1.5707963267948966,
    3.141592653589793,
    4.71238898038469
  ],
  "plate_points": [
    0.0,
    1.5707963267948966,
    3.141592653589793,
    4.71238898038469
  ],
  "dynamic_color": [
    0.9,
    0.9,
    0.9
  ],
  "dynamic_threshold": 0.2,
  "plate_color": [
    0.2,
    0.45,
    0.2
  ],
  "plate_threshold": 0.2,
  "dynamic_pattern": [
    [
      0.0,
      -270.0
    ],
    [
      270.0,
      0.0
    ],
    [
      0.0,
      270.0
    ],
    [
      -270.0,
      0.0
    ]
  ],
  "plate_pattern": [
    [
      0.0,
      -150.0
    ],
    [
      150.0,
      0.0
    ],
    [
      0.0,
      150.0
    ],
    [
      -150.0,
      0.0
    ]
  ],
  "plate_rects": [
    [
      [
        1031,
        442,
        80,
        80
      ],
      0.0
    ],
    [
      [
        1480,
        480,
        80,
        80
      ],
      1.5707963267948966
    ]
  ],
  "board_rad": 657.0,
  "autopilot_rect": [
    1386,
    167,
    13,
    10
  ],
  "autopilot_stby_col": [
    201,
    181,
    172
  ],
  "autopilot_trigger_col": [
    48,
    32,
    1
  ],
  "autopilot_sensitivity": 0.2,
  "solve_vel": 20.0,
  "bet_vel": 14.0,
  "result_rect": [
    836,
    817,
    31,
    28
  ],
  "heartbeat_coords": [
    1100,
    960
  ],
  "undo_coords": [
    1220,
    1015
  ],
  "weights": [
    [
      [
        53,
        1.0
      ],
      [
        78,
        0.9999999999999998
      ],
      [
        56,
        0.999811066878184
      ],
      [
        76,
        0.9987854998880176
      ],
      [
        20,
        0.9987088790587546
      ],
      [
        48,
        0.9986447885608116
      ],
      [
        47,
        0.998628004228543
      ],
      [
        12,
        0.99844917229582
      ],
      [
        43,
        0.9976861515952896
      ],
      [
        120,
        0.9970943499824796
      ]
    ],
    [
      [
        68,
        1.0
      ],
      [
        76,
        1.0
      ],
      [
        66,
        0.9999848615252228
      ],
      [
        93,
        0.9998237741201124
      ],
      [
        18,
        0.9993742913525304
      ],
      [
        49,
        0.999150991983222
      ],
      [
        43,
        0.99886738103936
      ],
      [
        85,
        0.9983570326283908
      ],
      [
        36,
        0.9978033312877156
      ],
      [
        10,
        0.9975837412895694
      ]
    ],
    [
      [
        71,
        0.9999999999999992
      ],
      [
        11,
        0.9996786812488008
      ],
      [
        4,
        0.999632864270049
      ],
      [
        12,
        0.999416051413229
      ],
      [
        41,
        0.9988558105711924
      ],
      [
        38,
        0.9979028822611782
      ],
      [
        94,
        0.9969803538490188
      ],
      [
        9,
        0.9966883464823694
      ],
      [
        8,
        0.9960329206392874
      ],
      [
        82,
        0.9948961479939588
      ]
    ],
    [
      [
        48,
        1.0
      ],
      [
        51,
        1.0
      ],
      [
        65,
        1.0
      ],
      [
        73,
        1.0
      ],
      [
        94,
        0.9997916727938436
      ],
      [
        46,
        0.9996294483329512
      ],
      [
        76,
        0.9996137726386828
      ],
      [
        85,
        0.999002999181696
      ],
      [
        15,
        0.9989706155918684
      ],
      [
        39,
        0.9984796565471604
      ]
    ],
    [
      [
        48,
        1.0
      ],
      [
        65,
        1.0
      ],
      [
        73,
        1.0
      ],
      [
        4,
        0.9999764320237334
      ],
      [
        71,
        0.9999325016454145
      ],
      [
        63,
        0.9998663001725694
      ],
      [
        12,
        0.9992985083056534
      ],
      [
        101,
        0.9979866968288291
      ],
      [
        94,
        0.9972746362613926
      ],
      [
        74,
        0.997244265365036
      ]
    ],
    [
      [
        9,
        1.0
      ],
      [
        48,
        1.0
      ],
      [
        65,
        1.0
      ],
      [
        73,
        1.0
      ],
      [
        111,
        0.9999093926078102
      ],
      [
        63,
        0.999901431683024
      ],
      [
        51,
        0.9997942106785201
      ],
      [
        17,
        0.9995384385357705
      ],
      [
        95,
        0.997420121254753
      ],
      [
        110,
        0.9973752484876746
      ]
    ]
  ]
}