{
  "dynamic_acc": -0.03945336914062512,
  "plate_acc": -0.00321,
  "k": -0.00975962142944339,
  "att": 2.6209510803222997,
  "dynamic_weights": [
    -0.14191429165750552,
    -0.022630863258615193,
    0.8132336094975379,
    -0.010149678768357285,
    0.41897401194437256,
    0.013894009590149026,
    0.0007739543914794932,
    0.0001279830932617193
  ],
  "min_vel": 2.865527103538936,
  "end_t": 0.6,
  "end_d": 1.3,
  "dynamic_rect": [
    797,
    242,
    343,
    50
  ],
  "dynamic_points": [
    0.0,
    1.5707963267948966,
    3.141592653589793,
    4.71238898038469
  ],
  "plate_points": [
    0.0,
    1.5707963267948966,
    3.141592653589793,
    4.71238898038469
  ],
  "dynamic_color": [
    0.9,
    0.9,
    0.9
  ],
  "dynamic_threshold": 0.2,
  "plate_color": [
    0.2,
    0.45,
    0.2
  ],
  "plate_threshold": 0.2,
  "dynamic_pattern": [
    [
      0.0,
      -270.0
    ],
    [
      270.0,
      0.0
    ],
    [
      0.0,
      270.0
    ],
    [
      -270.0,
      0.0
    ]
  ],
  "plate_pattern": [
    [
      0.0,
      -150.0
    ],
    [
      150.0,
      0.0
    ],
    [
      0.0,
      150.0
    ],
    [
      -150.0,
      0.0
    ]
  ],
  "plate_rects": [
    [
      [
        1031,
        442,
        80,
        80
      ],
      0.0
    ],
    [
      [
        1480,
        480,
        80,
        80
      ],
      1.5707963267948966
    ]
  ],
  "board_width": 1270.0,
  "autopilot_rect": [
    1386,
    167,
    13,
    10
  ],
  "autopilot_stby_col": [
    201,
    181,
    172
  ],
  "autopilot_trigger_col": [
    48,
    32,
    1
  ],
  "autopilot_sensitivity": 0.2,
  "solve_vel": 20.0,
  "bet_vel": 14.0,
  "result_rect": [
    836,
    817,
    31,
    28
  ],
  "heartbeat_coords": [
    1100,
    960
  ],
  "undo_coords": [
    1220,
    1015
  ]
}