{"dynamic_acc":-0.2905225830078128,"plate_acc":-0.00356,"k":-0.01965800094604476,"att":2.4074512481689574,"dynamic_weights":[0.026837539672851497,0.0068071842193603675,-0.005490112304687492,0.0018068313598632755,0.002299022674560553,-0.014286804199218763,0.004973411560058596,-0.00043224096298217764],"min_vel":2.56,"end_t":1.1,"end_d":1.5,"dynamic_rect":[933,235,90,50],"dynamic_points":[0.0,1.5707963267948966,3.141592653589793,4.71238898038469],"plate_points":[0.0,1.5707963267948966,3.141592653589793,4.71238898038469],"dynamic_color":[0.9,0.9,0.9],"dynamic_threshold":0.2,"plate_color":[0.2,0.45,0.2],"plate_threshold":0.2,"dynamic_pattern":[[0.0,-270.0],[270.0,0.0],[0.0,270.0],[-270.0,0.0]],"plate_pattern":[[0.0,-150.0],[150.0,0.0],[0.0,150.0],[-150.0,0.0]],"board_rect_a":[1050,399,80,63],"board_rect_b":[1558,535,153,39],"board_a_point":0.0,"board_b_point":1.5707963267948966}