{"dynamic_acc":0.02810192871093875,"plate_acc":-0.00326,"k":-0.016599548339843645,"att":2.6069782257080067,"dynamic_weights":[0.04908981323242162,0.0029884815216064497,-0.0022966384887695293,0.0004511833190917958,0.0009728431701660156,-0.0043449401855468715,-0.004281044006347645,-0.0005108475685119648],"min_vel":2.75,"end_t":2.5,"end_d":1.0,"dynamic_rect":[903,235,120,50],"dynamic_points":[0.0,1.5707963267948966,3.141592653589793,4.71238898038469],"plate_points":[0.0,1.5707963267948966,3.141592653589793,4.71238898038469],"dynamic_color":[0.9,0.9,0.9],"dynamic_threshold":0.2,"plate_color":[0.2,0.45,0.2],"plate_threshold":0.2,"dynamic_pattern":[[0.0,-270.0],[270.0,0.0],[0.0,270.0],[-270.0,0.0]],"plate_pattern":[[0.0,-150.0],[150.0,0.0],[0.0,150.0],[-150.0,0.0]],"board_rect_a":[1031,442,50,50],"board_rect_b":[1575,512,50,50],"board_a_point":0.0,"board_b_point":1.5707963267948966,"board_width":1270.0,"autopilot_rect":[1511,196,89,65],"autopilot_stby_col":[201,181,172],"autopilot_trigger_col":[48,32,1],"autopilot_sensitivity":0.2,"solve_vel":9.981317008,"bet_vel":6.981317008,"result_rect":[836,817,31,28]}