{
  "dynamic_acc": 0.17822546386718763,
  "plate_acc": -0.00353,
  "k": -0.010013909149169949,
  "att": 2.618188476562535,
  "dynamic_weights": [
    -0.1532707214355462,
    -0.03482807278633148,
    0.8558196306228683,
    0.01822894811630236,
    0.7449733972549492,
    0.015373563766479685,
    0.0003894329071044933,
    0.000222206115722657
  ],
  "min_vel": 2.7121527103538936,
  "end_t": 0.6,
  "end_d": 0.1,
  "dynamic_rect": [
    903,
    235,
    120,
    50
  ],
  "dynamic_rect_pos": -389.0,
  "dynamic_points": [
    0.0,
    1.5707963267948966,
    3.141592653589793,
    4.71238898038469
  ],
  "plate_points": [
    0.0,
    1.5707963267948966,
    3.141592653589793,
    4.71238898038469
  ],
  "dynamic_color": [
    0.9,
    0.9,
    0.9
  ],
  "dynamic_threshold": 0.2,
  "plate_color": [
    0.2,
    0.45,
    0.2
  ],
  "plate_threshold": 0.2,
  "dynamic_pattern": [
    [
      0.0,
      -270.0
    ],
    [
      270.0,
      0.0
    ],
    [
      0.0,
      270.0
    ],
    [
      -270.0,
      0.0
    ]
  ],
  "plate_pattern": [
    [
      0.0,
      -150.0
    ],
    [
      150.0,
      0.0
    ],
    [
      0.0,
      150.0
    ],
    [
      -150.0,
      0.0
    ]
  ],
  "plate_rects": [
    [
      [
        1031,
        442,
        80,
        80
      ],
      0.0
    ],
    [
      [
        1480,
        480,
        80,
        80
      ],
      1.5707963267948966
    ]
  ],
  "board_rad": 657.0,
  "autopilot_rect": [
    1386,
    167,
    13,
    10
  ],
  "autopilot_stby_col": [
    201,
    181,
    172
  ],
  "autopilot_trigger_col": [
    48,
    32,
    1
  ],
  "autopilot_sensitivity": 0.2,
  "solve_vel": 20.0,
  "bet_vel": 14.0,
  "result_rect": [
    836,
    817,
    31,
    28
  ],
  "heartbeat_coords": [
    1100,
    960
  ],
  "undo_coords": [
    1220,
    1015
  ]
}